# Volumes are strategic estimates only - validate in Search Console post-launch; no numeric volumes invented
keyword,intent,priority,opportunity,target_page,placement,notes
extramovies review,navigational,P0,High - owns brand verdict intent,/,"title,meta,h1",Brand anchor for homepage and review fronts
extramovies.org,navigational,P0,High - direct navigation intent,/,"title,meta,sitemap",Ensure homepage ranks for exact domain query
extramovies movie reviews,navigational,P1,Medium - brand plus category intent,/reviews,"title,meta,h1",Bridge brand searchers into review archive
movie reviews,informational,P0,High - core editorial demand,/reviews,"title,meta,h1",Flagship archive target with fresh 2026 inventory
honest movie reviews,commercial,P0,High - strong trust-driven click intent,/reviews,"title,meta,content",Differentiator angle for editorial voice and E-E-A-T
film reviews 2026,informational,P0,High - high freshness recency intent,/,"title,h1,content",Homepage front leading with latest 2026 reviews
new movie reviews this week,informational,P1,Medium - repeats weekly discovery habit,/,"title,h1,sitemap",Weekly refresh module for discovery front
best movies 2026,commercial,P1,High - strong listicle decision intent,/movies?list=top-2026,"title,h1,internal-link",Curated list hub with internal links to title hubs
horror movie reviews,informational,P0,High - evergreen genre decision demand,/reviews?genre=horror,"title,h1,content",Genre archive with subgenre filters and FAQs
action movie reviews,informational,P1,Medium - large mainstream genre audience,/reviews?genre=action,"title,h1,content",Archive targeting blockbuster and streaming action fans
comedy movie reviews,informational,P1,Medium - steady feel-good search interest,/reviews?genre=comedy,"title,h1,content",Light tone archive with member ratings mixed in
sci-fi movie reviews,informational,P1,Medium - cult plus franchise search depth,/reviews?genre=sci-fi,"title,h1,internal-link",Link franchise hubs and ending explainers together
drama movie reviews,informational,P2,Medium - awards season spike potential,/reviews?genre=drama,"title,h1,content",Oscar-season refresh with critic and member scores
animated movie reviews,informational,P2,Low - family co-viewing niche intent,/reviews?genre=animation,"title,h1,schema",Family-friendly schema with age guide fields
"{film} review",commercial,P0,High - strongest title-level verdict intent,/reviews/{slug},"title,meta,h1",Canonical full-review template for every covered title
"{film} {year} review",commercial,P0,High - disambiguates remakes year intent,/reviews/{slug},"title,meta,h1",Year pattern for remakes and franchise collisions
"is {film} worth watching",commercial,P0,High - pure stream-or-skip language,/movies/{tmdbId},"title,meta,h1",Title hub verdict module with streaming buttons
"should I watch {film}",commercial,P0,High - conversational PAA-style verdict,/movies/{tmdbId},"title,h1,content",FAQ answer block feeding People Also Ask
"{film} ending explained",informational,P0,High - huge post-watch search wave,/reviews/{slug},"title,h1,schema",Spoiler-gated section with FAQ and Article schema
"{film} ending meaning",informational,P1,Medium - long-tail post-watch curiosity,/reviews/{slug},"title,content,schema",Companion to ending explained without cannibalization
"{film} vs {film2} which is better",commercial,P2,Medium - head-to-head decision fun,/reviews/{slug},"title,h1,content",Versus template linking both title hubs
"{film} book vs movie differences",informational,P2,Low - adaptation fan deep dive,/reviews/{slug},"title,content,internal-link",Book-to-screen module for literary adaptations
"{film} spoiler free review",commercial,P1,High - pre-watch trust-seeking query,/reviews/{slug},"title,meta,content",Above-fold spoiler-free verdict box
"{film} stream it or skip it",commercial,P1,High - mirrors Decider verdict phrasing,/movies/{tmdbId},"title,h1,content",Short verdict card plus where-to-watch block
"{film} parents guide",informational,P2,Medium - family appropriateness check intent,/movies/{tmdbId},"title,content,schema",Age rating plus content notes with schema
"{film} audience reviews and rating",commercial,P1,Medium - blends critic member trust,/movies/{tmdbId},"title,h1,schema",AggregateRating schema from member reviews
"where to watch {film}",transactional,P0,High - direct streaming action intent,/movies/{tmdbId},"title,meta,schema",TMDB watch providers with WatchAction schema
"where to watch {film} online free",transactional,P2,Low - high risk piracy adjacency,/movies/{tmdbId},"content,meta,internal-link",Answer only with legal sources and filters
where to watch movies online,transactional,P0,High - broad streaming discovery demand,/movies?list=streaming,"title,h1,content",Browse hub filtered by service and region
"{film} streaming release date",transactional,P1,Medium - theatrical to streaming window,/movies/{tmdbId},"title,h1,content",Date module updated from TMDB data
"is {film} on Netflix",transactional,P2,Medium - service-specific availability check,/movies/{tmdbId},"title,content,schema",Per-service availability FAQ on title hub
best movies streaming now,transactional,P1,High - high click listicle intent,/movies?list=streaming-now,"title,h1,internal-link",Rotating list linking out to title hubs
write movie reviews online,transactional,P1,Medium - recruits contributor flywheel,/,"title,content,internal-link",CTA module from homepage to signup and profiles
rate movies and track watchlist,transactional,P2,Medium - product-led retention hook,/u/{handle},"title,content,internal-link",Profile pages showcase lists ratings and reviews
join movie review community,transactional,P2,Low - bottom-funnel membership intent,/search,"content,internal-link,sitemap",Community and search entry for handles films genres
